video,frame,root_x,root_y,body_x,body_y,tip_x,tip_y
speaker00044_F_s1_stn00143,0,33.194044748942055,59.587884267171226,54.02170181274414,43.786434173583984,72.30960083007812,52.66477966308594
speaker00044_F_s1_stn00143,1,33.20295270284017,59.58364995320638,54.045363108317055,43.78966267903646,72.33937454223633,52.68311309814453
speaker00044_F_s1_stn00143,2,32.975999196370445,59.607486724853516,54.22945658365885,44.19906870524088,72.86298370361328,53.71928787231445
speaker00044_F_s1_stn00143,3,32.97349739074707,59.60091908772787,54.22855758666992,44.20089594523112,72.86042404174805,53.727373123168945
speaker00044_F_s1_stn00143,4,32.98116811116537,59.60540517171224,54.242540995279946,44.19848505655924,72.876708984375,53.74447441101074
speaker00044_F_s1_stn00143,5,33.567681630452476,59.687356313069664,54.79170227050781,43.173021952311196,73.35682678222656,53.165958404541016
speaker00044_F_s1_stn00143,6,33.569714864095054,59.68438975016276,54.79181671142578,43.17390441894531,73.35648345947266,53.15456199645996
speaker00044_F_s1_stn00143,7,33.59083620707194,59.688812255859375,54.814284006754555,43.16588465372721,73.37545013427734,53.15613555908203
speaker00044_F_s1_stn00143,8,33.6132443745931,59.708143870035805,54.85018412272135,43.14747619628906,73.42237854003906,53.16468048095703
speaker00044_F_s1_stn00143,9,33.24457804361979,58.66991297403971,54.55090840657552,43.12211990356445,72.96418380737305,52.82942199707031
speaker00044_F_s1_stn00143,10,33.24317423502604,58.672874450683594,54.549339294433594,43.12585576375326,72.96321487426758,52.83135223388672
speaker00044_F_s1_stn00143,11,33.23159726460775,58.64867655436198,54.5370241800944,43.123025258382164,72.94582748413086,52.83195877075195
speaker00044_F_s1_stn00143,12,33.23967043558756,58.631370544433594,54.554491678873696,43.10516103108724,72.96387100219727,52.80940246582031
speaker00044_F_s1_stn00143,13,33.18104680379232,57.87476094563802,54.652844746907554,42.83845520019531,73.01377868652344,52.65008735656738
speaker00044_F_s1_stn00143,14,33.13014221191406,57.8296750386556,54.60252253214518,42.788534800211586,72.93222045898438,52.69693183898926
speaker00044_F_s1_stn00143,15,33.105838775634766,57.635762532552086,54.787245432535805,42.85178756713867,73.18323135375977,52.870304107666016
speaker00044_F_s1_stn00143,16,33.11356862386068,57.64065170288086,54.767007191975914,42.85752868652344,73.15153503417969,52.8056526184082
speaker00044_F_s1_stn00143,17,32.78331693013509,57.232346852620445,54.538970947265625,43.15392176310221,72.70517349243164,53.492666244506836
speaker00044_F_s1_stn00143,18,32.77391370137533,57.2261110941569,54.529090881347656,43.16106669108073,72.69011688232422,53.494890213012695
speaker00044_F_s1_stn00143,19,32.77784411112467,57.22659683227539,54.533897399902344,43.1588249206543,72.69438171386719,53.503753662109375
speaker00044_F_s1_stn00143,20,32.77856127421061,57.22446823120117,54.534491221110024,43.12248102823893,72.7049789428711,53.47198295593262
speaker00044_F_s1_stn00143,21,33.19421259562174,57.07500457763672,55.043931325276695,43.04090372721354,73.08307266235352,53.64495086669922
speaker00044_F_s1_stn00143,22,33.1938107808431,57.093954722086586,55.03746032714844,43.03673426310221,73.0814323425293,53.63239097595215
speaker00044_F_s1_stn00143,23,33.199981689453125,57.090649922688804,55.04596964518229,43.02864074707031,73.08992385864258,53.63260459899902
speaker00044_F_s1_stn00143,24,33.18573760986328,57.07067616780599,55.04371134440104,43.04130935668945,73.09530258178711,53.63520812988281
speaker00044_F_s1_stn00143,25,32.84865697224935,57.112536112467446,54.50415293375651,43.38676961263021,72.51631164550781,53.472272872924805
speaker00044_F_s1_stn00143,26,32.84976577758789,57.11814498901367,54.50502014160156,43.386433919270836,72.51773071289062,53.47208213806152
speaker00044_F_s1_stn00143,27,32.852944691975914,57.12504450480143,54.50769170125326,43.386695861816406,72.52298355102539,53.469011306762695
speaker00044_F_s1_stn00143,28,32.851216634114586,57.121716817220054,54.506524403889976,43.387715657552086,72.52037811279297,53.47553062438965
speaker00044_F_s1_stn00143,29,32.51588439941406,56.77694829305013,54.0337028503418,43.834643046061196,71.99902725219727,53.208417892456055
speaker00044_F_s1_stn00143,30,32.51520220438639,56.78041330973307,54.02936299641927,43.831835428873696,71.99472045898438,53.20463180541992
speaker00044_F_s1_stn00143,31,32.51539166768392,56.765368143717446,54.03043746948242,43.82734807332357,71.9928092956543,53.20660972595215
speaker00044_F_s1_stn00143,32,32.545519510904946,56.75448226928711,54.073944091796875,43.74816131591797,72.02721405029297,53.19410514831543
speaker00044_F_s1_stn00143,33,32.75289090474447,56.38571039835612,54.56764221191406,42.94052505493164,72.32481384277344,53.533348083496094
speaker00044_F_s1_stn00143,34,32.76241683959961,56.410972595214844,54.575575510660805,42.932847340901695,72.33770751953125,53.53838539123535
speaker00044_F_s1_stn00143,35,32.76798884073893,56.418111165364586,54.585052490234375,42.93155288696289,72.3547477722168,53.53994369506836
speaker00044_F_s1_stn00143,36,32.76270039876302,56.412208557128906,54.55745188395182,42.92747116088867,72.31111907958984,53.51003074645996
speaker00044_F_s1_stn00143,37,32.763257344563804,56.405320485432945,54.566619873046875,42.92690658569336,72.32492065429688,53.529314041137695
speaker00044_F_s1_stn00143,38,32.75649197896322,56.40418243408203,54.56001281738281,42.932271321614586,72.31940460205078,53.530670166015625
speaker00044_F_s1_stn00143,39,33.21226374308268,57.09329350789388,54.800332387288414,43.30261103312174,72.79891204833984,53.07687568664551
speaker00044_F_s1_stn00143,40,33.24251937866211,57.08912913004557,54.82651901245117,43.292901357014976,72.81621551513672,53.070077896118164
speaker00044_F_s1_stn00143,41,33.65196673075358,58.32246653238932,55.046365102132164,43.52472941080729,73.34395599365234,52.521615982055664
speaker00044_F_s1_stn00143,42,33.65765698750814,58.336421966552734,55.05553690592448,43.528978983561196,73.35995483398438,52.52890205383301
speaker00044_F_s1_stn00143,43,33.56640942891439,58.7085927327474,55.22404352823893,42.83928426106771,73.15151596069336,53.871931076049805
speaker00044_F_s1_stn00143,44,33.56458854675293,58.71480941772461,55.21978759765625,42.838086446126304,73.14568710327148,53.86857604980469
speaker00044_F_s1_stn00143,45,33.56553967793783,58.71207046508789,55.22241973876953,42.84100596110026,73.14881896972656,53.870548248291016
speaker00044_F_s1_stn00143,46,33.56426747639974,58.71266301472982,55.220516204833984,42.8376350402832,73.14693069458008,53.869789123535156
speaker00044_F_s1_stn00143,47,32.6831251780192,58.25505828857422,54.377366383870445,41.54358418782552,72.7528305053711,52.301103591918945
speaker00044_F_s1_stn00143,48,32.693197886149086,58.2486572265625,54.38694636027018,41.54190572102865,72.75972366333008,52.302093505859375
speaker00044_F_s1_stn00143,49,32.6915086110433,58.2499631245931,54.38421758015951,41.54225413004557,72.75678634643555,52.30330276489258
speaker00044_F_s1_stn00143,50,32.69260279337565,58.25537363688151,54.384666442871094,41.543558756510414,72.75834655761719,52.30133819580078
speaker00044_F_s1_stn00143,51,35.255053202311196,57.14177576700846,56.01351801554362,40.773807525634766,74.15595245361328,50.31698417663574
speaker00044_F_s1_stn00143,52,35.24690628051758,57.13796869913737,56.01299158732096,40.766981760660805,74.15880966186523,50.33471870422363
speaker00044_F_s1_stn00143,53,35.24752934773763,57.1313845316569,56.01569493611654,40.765472412109375,74.15740585327148,50.34366798400879
speaker00044_F_s1_stn00143,54,35.246480305989586,57.130602518717446,56.01508712768555,40.76781336466471,74.15672302246094,50.34457969665527
speaker00044_F_s1_stn00143,55,35.393964767456055,56.13769404093424,55.761208852132164,40.47303263346354,73.67462539672852,49.93100357055664
speaker00044_F_s1_stn00143,56,35.39256159464518,56.14456431070963,55.76297124226888,40.48018264770508,73.67691040039062,49.93624305725098
speaker00044_F_s1_stn00143,57,37.18966738382975,53.03967539469401,56.928592681884766,40.19928105672201,73.09930038452148,49.302146911621094
speaker00044_F_s1_stn00143,58,37.186129887898765,53.02126948038737,56.927040100097656,40.19473775227865,73.09427642822266,49.30380058288574
speaker00044_F_s1_stn00143,59,37.11933581034342,52.972058614095054,56.828417460123696,40.15496826171875,72.98174667358398,49.19248390197754
speaker00044_F_s1_stn00143,60,37.17005856831869,52.985296885172524,56.89914194742838,40.1536610921224,73.05289077758789,49.257080078125
speaker00044_F_s1_stn00143,61,37.48550542195638,56.7996571858724,56.17679214477539,44.18571090698242,71.53162384033203,53.21410369873047
speaker00044_F_s1_stn00143,62,37.52505366007487,56.88299051920573,56.203993479410805,44.28555806477865,71.52653884887695,53.36277961730957
speaker00044_F_s1_stn00143,63,37.47638066609701,56.760241190592446,56.140429178873696,44.22941462198893,71.42448425292969,53.26874351501465
speaker00044_F_s1_stn00143,64,37.49234390258789,56.892870585123696,56.155799865722656,44.3277956644694,71.4596939086914,53.369951248168945
speaker00044_F_s1_stn00143,65,43.448079427083336,51.28332010904948,60.97739283243815,40.47548039754232,75.6489028930664,46.20153999328613
speaker00044_F_s1_stn00143,66,43.51094055175781,51.22603098551432,61.04472223917643,40.447102864583336,75.68582153320312,46.23598670959473
speaker00044_F_s1_stn00143,67,41.61173756917318,50.833300272623696,59.51237360636393,37.84687423706055,75.08833312988281,44.0933895111084
speaker00044_F_s1_stn00143,68,41.60361989339193,50.82573954264323,59.53639475504557,37.88222885131836,75.10955810546875,44.1866512298584
speaker00044_F_s1_stn00143,69,41.59058507283529,50.84689076741537,59.53883488972982,37.89970906575521,75.1238021850586,44.22235298156738
speaker00044_F_s1_stn00143,70,41.58047739664713,50.877156575520836,59.51527659098307,37.88925043741862,75.11259078979492,44.17072677612305
speaker00044_F_s1_stn00143,71,39.71031697591146,52.99851099650065,58.20411173502604,39.761383056640625,74.4439926147461,46.12379455566406
speaker00044_F_s1_stn00143,72,39.70856730143229,53.15954081217448,58.20259348551432,39.79982884724935,74.48559951782227,46.147613525390625
speaker00044_F_s1_stn00143,73,39.67298380533854,53.174540201822914,58.16340001424154,39.79702504475912,74.45528411865234,46.13203430175781
speaker00044_F_s1_stn00143,74,39.6739616394043,53.16992696126302,58.16979090372721,39.79476674397787,74.4635124206543,46.14382553100586
speaker00044_F_s1_stn00143,75,41.942230224609375,60.35531234741211,59.6337521870931,49.00134531656901,75.3989143371582,53.39461708068848
speaker00044_F_s1_stn00143,76,41.930093129475914,60.277383168538414,59.62955856323242,49.02063115437826,75.36898803710938,53.47239303588867
speaker00044_F_s1_stn00143,77,43.81159210205078,56.15496699015299,61.311848958333336,44.622928619384766,76.24954986572266,50.527896881103516
speaker00044_F_s1_stn00143,78,43.820072174072266,56.14421590169271,61.32159550984701,44.6258290608724,76.261962890625,50.5157356262207
speaker00044_F_s1_stn00143,79,43.8437245686849,56.17013041178385,61.326489766438804,44.66907628377279,76.25016403198242,50.53389930725098
speaker00044_F_s1_stn00143,80,43.800314585367836,56.23462168375651,61.303016662597656,44.67537943522135,76.26197052001953,50.54507064819336
speaker00044_F_s1_stn00143,81,38.82936223347982,53.09395853678385,57.78728993733724,40.45580037434896,73.59347152709961,49.23460388183594
speaker00044_F_s1_stn00143,82,38.82936223347982,53.09395853678385,57.78728993733724,40.45580037434896,73.59347152709961,49.23460388183594
speaker00044_F_s1_stn00143,83,38.81458028157552,53.10807418823242,57.7732785542806,40.46246210734049,73.5865592956543,49.22870063781738
speaker00044_F_s1_stn00143,84,38.882222493489586,53.0072390238444,57.83662668863932,40.40979894002279,73.61306762695312,49.197378158569336
speaker00044_F_s1_stn00143,85,38.889689127604164,53.06556955973307,57.845603942871094,40.377028147379555,73.64942169189453,49.159149169921875
speaker00044_F_s1_stn00143,86,38.889336903889976,53.04168955485026,57.85101826985677,40.38386662801107,73.65256118774414,49.16431427001953
speaker00044_F_s1_stn00143,87,37.109911600748696,54.01553726196289,56.34797668457031,41.66252772013346,72.44677734375,50.68570518493652
speaker00044_F_s1_stn00143,88,37.09713236490885,54.037984212239586,56.33756764729818,41.66793314615885,72.44209289550781,50.694814682006836
speaker00044_F_s1_stn00143,89,37.1031608581543,54.02686564127604,56.34259923299154,41.66541544596354,72.44438934326172,50.69050216674805
speaker00044_F_s1_stn00143,90,37.109911600748696,54.01553726196289,56.34797668457031,41.66252772013346,72.44677734375,50.68570518493652
speaker00044_F_s1_stn00143,91,32.16293144226074,58.22784550984701,51.99070358276367,42.810264587402344,70.16182327270508,49.788814544677734
speaker00044_F_s1_stn00143,92,32.16465377807617,58.2493527730306,52.002628326416016,42.819382985432945,70.18371200561523,49.805843353271484
speaker00044_F_s1_stn00143,93,32.16465377807617,58.2493527730306,52.002628326416016,42.819382985432945,70.18371200561523,49.805843353271484
speaker00044_F_s1_stn00143,94,32.16595204671224,58.252569834391274,52.003710428873696,42.82081985473633,70.18487548828125,49.80592727661133
speaker00044_F_s1_stn00143,95,32.67591349283854,59.70123036702474,52.63056437174479,44.42944590250651,71.2450065612793,51.27414131164551
speaker00044_F_s1_stn00143,96,32.69945398966471,59.746150970458984,52.67265701293945,44.42780049641927,71.30211639404297,51.3277473449707
speaker00044_F_s1_stn00143,97,33.38586616516113,60.5174674987793,53.49346923828125,43.85242589314779,72.26962661743164,51.54921531677246
speaker00044_F_s1_stn00143,98,33.39480209350586,60.516587575276695,53.53999582926432,43.87913386027018,72.32342910766602,51.64991760253906
speaker00044_F_s1_stn00143,99,33.124266942342125,60.279867808024086,53.40264765421549,43.6566530863444,72.19069290161133,51.76135444641113
speaker00044_F_s1_stn00143,100,33.13613828023275,60.304192860921226,53.41770807902018,43.65874099731445,72.21890258789062,51.76021957397461
speaker00044_F_s1_stn00143,101,33.13613828023275,60.304192860921226,53.41770807902018,43.65874099731445,72.21890258789062,51.76021957397461
speaker00044_F_s1_stn00143,102,33.13931147257487,60.308311462402344,53.420029958089195,43.65924580891927,72.2214241027832,51.76249885559082
speaker00044_F_s1_stn00143,103,33.13739458719889,60.30493036905924,53.41956075032552,43.66168340047201,72.22002029418945,51.765682220458984
speaker00044_F_s1_stn00143,104,33.12733014424642,60.28706487019857,53.41514587402344,43.6566530863444,72.2179946899414,51.76921272277832
speaker00044_F_s1_stn00143,105,34.08903566996256,59.6739133199056,55.02871322631836,43.312277475992836,73.7756233215332,53.19845771789551
speaker00044_F_s1_stn00143,106,34.0836124420166,59.66888936360677,55.02438100179037,43.319594065348305,73.76903533935547,53.209360122680664
speaker00044_F_s1_stn00143,107,34.16702016194662,59.69434102376302,55.109039306640625,43.25390116373698,73.86800003051758,53.12833023071289
speaker00044_F_s1_stn00143,108,34.17316182454427,59.67785898844401,55.13198471069336,43.26031366984049,73.8946647644043,53.15719795227051
speaker00044_F_s1_stn00143,109,34.62855784098307,59.34699503580729,55.5422477722168,41.3055165608724,74.2682991027832,51.60970497131348
speaker00044_F_s1_stn00143,110,34.632111231486,59.3217404683431,55.55214055379232,41.31224568684896,74.2754898071289,51.61264419555664
speaker00044_F_s1_stn00143,111,34.68241437276205,59.15830739339193,55.62593460083008,41.32175954182943,74.29863739013672,51.614728927612305
speaker00044_F_s1_stn00143,112,34.67491594950358,59.136297861735024,55.62554041544596,41.32312138875326,74.29315948486328,51.6326961517334
speaker00044_F_s1_stn00143,113,33.80788612365723,60.073038736979164,54.821736653645836,43.014835357666016,73.45143127441406,52.907962799072266
speaker00044_F_s1_stn00143,114,33.81281280517578,60.08316294352213,54.826157887776695,43.01688003540039,73.45480728149414,52.90652656555176
speaker00044_F_s1_stn00143,115,33.812310536702476,60.07845560709635,54.826613108317055,43.01641337076823,73.45221328735352,52.908246994018555
speaker00044_F_s1_stn00143,116,33.80270576477051,60.085348765055336,54.81254577636719,43.02161407470703,73.43938446044922,52.90873718261719
speaker00044_F_s1_stn00143,117,33.39936383565267,60.628098805745445,54.55780029296875,43.25551223754883,73.30748748779297,53.31076431274414
speaker00044_F_s1_stn00143,118,33.38810157775879,60.618263244628906,54.554848988850914,43.26265207926432,73.30087280273438,53.32778549194336
speaker00044_F_s1_stn00143,119,33.382686614990234,60.620201110839844,54.54570388793945,43.26014709472656,73.28943252563477,53.32388496398926
speaker00044_F_s1_stn00143,120,33.39828364054362,60.627801259358726,54.55863825480143,43.266989390055336,73.30195999145508,53.331674575805664
speaker00044_F_s1_stn00143,121,34.97753715515137,61.588372548421226,56.03241984049479,43.50607681274414,74.57817077636719,54.248939514160156
speaker00044_F_s1_stn00143,122,34.97814114888509,61.55919901529948,56.048605600992836,43.501443227132164,74.58378219604492,54.268646240234375
speaker00044_F_s1_stn00143,123,35.27183532714844,62.26266733805338,56.3334108988444,45.12951405843099,75.02508163452148,54.066246032714844
speaker00044_F_s1_stn00143,124,35.28428077697754,62.261468251546226,56.35482533772787,45.126163482666016,75.0479507446289,54.077049255371094
speaker00044_F_s1_stn00143,125,35.28700383504232,62.2701161702474,56.359222412109375,45.123783111572266,75.05283737182617,54.08576774597168
speaker00044_F_s1_stn00143,126,35.27977752685547,62.25511042277018,56.35455830891927,45.13665771484375,75.04149627685547,54.11220359802246
speaker00044_F_s1_stn00143,127,35.22953542073568,62.76821645100912,56.039293924967446,45.262569427490234,74.85400772094727,53.89915466308594
speaker00044_F_s1_stn00143,128,35.233933766682945,62.73884836832682,56.055992126464844,45.27211380004883,74.87210464477539,53.892826080322266
speaker00044_F_s1_stn00143,129,35.23444493611654,62.74130121866862,56.05890019734701,45.265769958496094,74.87574005126953,53.89182472229004
speaker00044_F_s1_stn00143,130,35.234896977742515,62.73445383707682,56.060526529947914,45.26405334472656,74.87688446044922,53.89313316345215
speaker00044_F_s1_stn00143,131,35.26009750366211,63.13525136311849,55.3829091389974,46.24980163574219,73.99329376220703,54.416147232055664
speaker00044_F_s1_stn00143,132,35.268731435139976,63.15810775756836,55.40834299723307,46.237220764160156,74.03845977783203,54.436317443847656
speaker00044_F_s1_stn00143,133,35.06975110371908,62.9398562113444,55.33656565348307,46.00906753540039,73.88615417480469,54.5318660736084
speaker00044_F_s1_stn00143,134,35.05072339375814,62.92504374186198,55.33190027872721,46.009657541910805,73.89349365234375,54.544158935546875
speaker00044_F_s1_stn00143,135,35.026658376057945,62.94313303629557,55.37103017171224,45.99287033081055,73.94884872436523,54.83522415161133
speaker00044_F_s1_stn00143,136,35.04514122009277,62.98623530069987,55.37936782836914,45.98969650268555,73.96260452270508,54.8270378112793
speaker00044_F_s1_stn00143,137,34.984036127726235,63.07357660929362,55.497336069742836,45.82735824584961,74.40058898925781,54.62006378173828
speaker00044_F_s1_stn00143,138,34.9828904469808,63.07181930541992,55.49622344970703,45.82910410563151,74.39866256713867,54.62228012084961
speaker00044_F_s1_stn00143,139,34.9881280263265,63.07268397013346,55.496253967285156,45.831793467203774,74.39506149291992,54.616355895996094
speaker00044_F_s1_stn00143,140,34.99537658691406,63.083109537760414,55.50890096028646,45.83883412679037,74.41631698608398,54.61077308654785
speaker00044_F_s1_stn00143,141,35.54130427042643,62.66333897908529,56.30678049723307,45.458754221598305,75.35989379882812,54.085079193115234
speaker00044_F_s1_stn00143,142,35.53930409749349,62.659741719563804,56.305947621663414,45.455926259358726,75.35862350463867,54.078908920288086
speaker00044_F_s1_stn00143,143,35.53643290201823,62.65805689493815,56.3047243754069,45.45150375366211,75.3592300415039,54.07261848449707
speaker00044_F_s1_stn00143,144,35.54211743672689,62.6727040608724,56.31018575032552,45.454291025797524,75.36648178100586,54.08319282531738
speaker00044_F_s1_stn00143,145,35.54626592000326,62.67824172973633,56.310797373453774,45.449423472086586,75.3655891418457,54.075605392456055
speaker00044_F_s1_stn00143,146,35.564104080200195,62.70289611816406,56.32004165649414,45.45505015055338,75.37657928466797,54.07451057434082
speaker00044_F_s1_stn00143,147,35.69768269856771,62.7706667582194,56.34227752685547,45.5436159769694,75.46004104614258,53.561941146850586
speaker00044_F_s1_stn00143,148,35.70046615600586,62.78882598876953,56.339324951171875,45.54843521118164,75.46290969848633,53.55819892883301
speaker00044_F_s1_stn00143,149,35.69894599914551,62.78463363647461,56.329437255859375,45.55938212076823,75.44867324829102,53.55826759338379
speaker00044_F_s1_stn00143,150,35.692498524983726,62.7782351175944,56.32685852050781,45.56120045979818,75.44544219970703,53.56648635864258
speaker00044_F_s1_stn00143,151,35.332546869913735,62.55145263671875,55.862080891927086,45.96574147542318,74.97364044189453,53.546682357788086
speaker00044_F_s1_stn00143,152,35.328683853149414,62.541500091552734,55.86607360839844,45.9662233988444,74.98323059082031,53.55290412902832
speaker00044_F_s1_stn00143,153,36.07459513346354,62.74257024129232,56.42642593383789,45.623443603515625,75.31449508666992,52.95800590515137
speaker00044_F_s1_stn00143,154,36.073887507120766,62.715582529703774,56.43296813964844,45.61677551269531,75.31000900268555,52.97557067871094
speaker00044_F_s1_stn00143,155,35.897412618001304,62.641953786214195,56.24896113077799,45.22529093424479,75.16507720947266,52.89620399475098
speaker00044_F_s1_stn00143,156,35.895896911621094,62.64380137125651,56.25037129720052,45.22771453857422,75.17050552368164,52.89850616455078
speaker00044_F_s1_stn00143,157,35.89504051208496,62.64690907796224,56.24868392944336,45.22782516479492,75.16963577270508,52.89321708679199
speaker00044_F_s1_stn00143,158,35.89504051208496,62.64690907796224,56.24868392944336,45.22782516479492,75.16963577270508,52.89321708679199
speaker00044_F_s1_stn00143,159,35.89765548706055,62.64995320638021,56.248861948649086,45.22810363769531,75.16898345947266,52.892173767089844
speaker00044_F_s1_stn00143,160,35.88973871866862,62.64243698120117,56.24750773111979,45.23226801554362,75.16963195800781,52.90353584289551
speaker00044_F_s1_stn00143,161,35.65115229288737,61.844730377197266,56.271461486816406,44.600799560546875,74.91278457641602,53.53225898742676
speaker00044_F_s1_stn00143,162,35.64926020304362,61.84974670410156,56.27169291178385,44.6026357014974,74.91404724121094,53.54069519042969
speaker00044_F_s1_stn00143,163,35.652234395345054,61.852952321370445,56.27187856038412,44.59884262084961,74.91422653198242,53.536865234375
speaker00044_F_s1_stn00143,164,35.66391054789225,61.815025329589844,56.30220286051432,44.59160486857096,74.9404182434082,53.54655075073242
speaker00044_F_s1_stn00143,165,35.6765988667806,61.774820963541664,56.323235829671226,44.596570332845054,74.95513534545898,53.53524208068848
speaker00044_F_s1_stn00143,166,35.675890604654946,61.77513122558594,56.32404708862305,44.59628931681315,74.95206832885742,53.54328536987305
speaker00044_F_s1_stn00143,167,35.43381690979004,61.35873031616211,56.21802775065104,44.729244232177734,74.63668060302734,54.011844635009766
speaker00044_F_s1_stn00143,168,35.45815467834473,61.348523457845054,56.28178024291992,44.73500061035156,74.6841049194336,54.0738525390625
speaker00044_F_s1_stn00143,169,35.42630132039388,61.120765686035156,56.34300740559896,44.98981602986654,74.67541885375977,54.31605911254883
speaker00044_F_s1_stn00143,170,35.420674641927086,61.137566884358726,56.331930796305336,44.99062474568685,74.6706314086914,54.309627532958984
speaker00044_F_s1_stn00143,171,35.41844240824381,61.10350672403971,56.33893330891927,44.984930674235024,74.6729507446289,54.32733154296875
speaker00044_F_s1_stn00143,172,35.45530637105306,61.11893081665039,56.36793772379557,44.96458307902018,74.69604110717773,54.32063102722168
speaker00044_F_s1_stn00143,173,35.55174446105957,60.915283203125,56.657318115234375,44.875569661458336,75.10049438476562,54.19601249694824
speaker00044_F_s1_stn00143,174,35.54881922403971,60.91812642415365,56.65480168660482,44.87492243448893,75.1019172668457,54.20050621032715
speaker00044_F_s1_stn00143,175,35.53504180908203,60.91370519002279,56.648905436197914,44.88660685221354,75.10100555419922,54.1953125
speaker00044_F_s1_stn00143,176,35.566484451293945,60.93755849202474,56.66753387451172,44.861105600992836,75.12150955200195,54.16883659362793
speaker00044_F_s1_stn00143,177,36.11226018269857,61.97285461425781,56.65086873372396,44.255288441975914,74.77322387695312,54.220319747924805
speaker00044_F_s1_stn00143,178,36.12414296468099,61.970818837483726,56.664955139160156,44.255035400390625,74.7850112915039,54.222652435302734
speaker00044_F_s1_stn00143,179,36.13721529642741,61.952813466389976,56.67949295043945,44.25327682495117,74.78594970703125,54.23263931274414
speaker00044_F_s1_stn00143,180,36.13592783610026,61.9899533589681,56.69928105672201,44.25282669067383,74.82472610473633,54.273921966552734
speaker00044_F_s1_stn00143,181,36.06353632609049,61.86096064249674,56.62308120727539,44.240744272867836,74.83605575561523,54.0646915435791
speaker00044_F_s1_stn00143,182,36.068047205607094,61.85708236694336,56.62890879313151,44.244574228922524,74.8416976928711,54.07126808166504
speaker00044_F_s1_stn00143,183,36.07595570882162,61.8667844136556,56.62524286905924,44.2409553527832,74.8322982788086,54.05792999267578
speaker00044_F_s1_stn00143,184,36.06774584452311,61.87473932902018,56.60872014363607,44.234762827555336,74.81618881225586,54.03676795959473
speaker00044_F_s1_stn00143,185,35.76455561319987,61.285011291503906,56.13565317789713,44.678470611572266,74.4114761352539,52.614253997802734
speaker00044_F_s1_stn00143,186,35.76455561319987,61.285011291503906,56.13565317789713,44.678470611572266,74.4114761352539,52.614253997802734
speaker00044_F_s1_stn00143,187,35.76587994893392,61.28415044148763,56.13908004760742,44.676745096842446,74.41412353515625,52.61565971374512
speaker00044_F_s1_stn00143,188,35.76455561319987,61.285011291503906,56.13565317789713,44.678470611572266,74.4114761352539,52.614253997802734
speaker00044_F_s1_stn00143,189,35.76371637980143,61.27977625528971,56.13713709513346,44.67735290527344,74.41219711303711,52.61662483215332
speaker00044_F_s1_stn00143,190,35.7770029703776,61.29812749226888,56.14277903238932,44.68517939249674,74.41924667358398,52.61614799499512
speaker00044_F_s1_stn00143,191,35.5811882019043,60.8178596496582,56.24872843424479,45.02873992919922,74.67742156982422,52.69931411743164
speaker00044_F_s1_stn00143,192,35.59319305419922,60.82081095377604,56.25589116414388,45.032843271891274,74.6849594116211,52.687110900878906
speaker00044_F_s1_stn00143,193,35.62341181437174,60.8168576558431,56.28401184082031,45.0053825378418,74.70939636230469,52.65501403808594
speaker00044_F_s1_stn00143,194,35.627821604410805,60.8141975402832,56.284783681233726,45.00392405192057,74.70719146728516,52.656227111816406
speaker00044_F_s1_stn00143,195,35.69012769063314,61.280783335367836,56.294488271077476,44.960564931233726,74.87470626831055,52.604604721069336
speaker00044_F_s1_stn00143,196,35.69921366373698,61.2195790608724,56.31634267171224,44.92145792643229,74.86696243286133,52.609989166259766
speaker00044_F_s1_stn00143,197,36.30447260538737,61.02425003051758,56.98732884724935,44.491095225016274,75.51019668579102,51.83758354187012
speaker00044_F_s1_stn00143,198,36.2742919921875,61.0241953531901,56.975128173828125,44.4912363688151,75.51061248779297,51.867881774902344
speaker00044_F_s1_stn00143,199,36.10370890299479,60.4147834777832,57.112046559651695,44.56066385904948,75.59919357299805,52.54116249084473
speaker00044_F_s1_stn00143,200,36.09662183125814,60.42290115356445,57.096272786458336,44.56152470906576,75.5877914428711,52.526594161987305
speaker00044_F_s1_stn00143,201,36.074475606282554,60.37994257609049,57.07112503051758,44.565110524495445,75.55212020874023,52.516775131225586
speaker00044_F_s1_stn00143,202,36.04500389099121,60.375457763671875,57.082454681396484,44.57882181803385,75.57944869995117,52.55161094665527
speaker00044_F_s1_stn00143,203,35.808528900146484,60.69186782836914,56.545440673828125,44.819541931152344,75.12812042236328,52.69917297363281
speaker00044_F_s1_stn00143,204,35.846065521240234,60.688794453938804,56.59403991699219,44.80477778116862,75.17190933227539,52.75234413146973
speaker00043_M_s1_stn00090,0,30.642642339070637,62.754798889160156,47.17420959472656,48.958658854166664,62.67158126831055,54.94506072998047
speaker00043_M_s1_stn00090,1,30.641061147054035,62.76530329386393,47.17027791341146,48.95934041341146,62.671424865722656,54.94643783569336
speaker00043_M_s1_stn00090,2,30.30493927001953,62.83009465535482,46.78152338663737,48.778428395589195,62.242841720581055,55.30793762207031
speaker00043_M_s1_stn00090,3,30.0242862701416,62.21658579508463,46.818522135416664,48.720130920410156,62.27737236022949,55.92256164550781
speaker00043_M_s1_stn00090,4,30.037538528442383,62.17598342895508,46.84036127726237,48.720664978027344,62.299020767211914,55.92098426818848
speaker00043_M_s1_stn00090,5,29.710795720418293,62.09968185424805,46.669244130452476,49.01972452799479,61.97035598754883,56.82693290710449
speaker00043_M_s1_stn00090,6,29.710200627644856,62.09701156616211,46.66937128702799,49.019240061442055,61.96856689453125,56.83159255981445
speaker00043_M_s1_stn00090,7,29.701345443725586,62.089193979899086,46.665384928385414,49.018680572509766,61.966318130493164,56.84209632873535
speaker00043_M_s1_stn00090,8,29.719083150227863,62.083919525146484,46.68134689331055,49.02832921346029,61.974178314208984,56.84614181518555
speaker00043_M_s1_stn00090,9,29.85684331258138,61.88744990030924,46.881509145100914,49.19734573364258,62.18415641784668,56.75357246398926
speaker00043_M_s1_stn00090,10,29.851715087890625,61.89054616292318,46.87453079223633,49.20221074422201,62.17536163330078,56.743669509887695
speaker00043_M_s1_stn00090,11,29.976643244425457,62.05671183268229,46.95296859741211,49.26273727416992,62.31742858886719,56.65690040588379
speaker00043_M_s1_stn00090,12,29.964224497477215,62.024776458740234,46.95683034261068,49.27836354573568,62.31998062133789,56.68585968017578
speaker00043_M_s1_stn00090,13,30.053454717000324,62.3656120300293,46.9227663675944,49.60743840535482,62.37257766723633,56.31325721740723
speaker00043_M_s1_stn00090,14,30.052750905354817,62.36625289916992,46.92225901285807,49.60647837320963,62.37261772155762,56.3089714050293
speaker00043_M_s1_stn00090,15,30.05246925354004,62.38600413004557,46.91157150268555,49.607666015625,62.360233306884766,56.30647850036621
speaker00043_M_s1_stn00090,16,30.028593063354492,62.35251490275065,46.896419525146484,49.59204864501953,62.337154388427734,56.283016204833984
speaker00043_M_s1_stn00090,17,30.147397994995117,62.481911977132164,46.92494328816732,49.837196350097656,62.361839294433594,56.23402976989746
speaker00043_M_s1_stn00090,18,30.13760757446289,62.4692497253418,46.91319783528646,49.82400131225586,62.34907531738281,56.243141174316406
speaker00043_M_s1_stn00090,19,30.076613744099934,62.315897623697914,46.8808339436849,49.989498138427734,62.28653526306152,56.357913970947266
speaker00043_M_s1_stn00090,20,30.069880803426106,62.29366556803385,46.875221252441406,49.98385492960612,62.27725028991699,56.353397369384766
speaker00043_M_s1_stn00090,21,29.904799779256184,62.35638936360677,46.7069091796875,50.112019856770836,62.12557411193848,56.69942855834961
speaker00043_M_s1_stn00090,22,29.91118812561035,62.362527211507164,46.708700815836586,50.12538146972656,62.12847709655762,56.69742965698242
speaker00043_M_s1_stn00090,23,29.646910349527996,62.481240590413414,46.597860972086586,50.191351572672524,61.97911071777344,57.13776206970215
speaker00043_M_s1_stn00090,24,29.646128972371418,62.48203150431315,46.59420267740885,50.2076416015625,61.97902297973633,57.15827941894531
speaker00043_M_s1_stn00090,25,29.240455627441406,62.230230967203774,46.32631301879883,49.9876823425293,61.78884506225586,57.0449104309082
speaker00043_M_s1_stn00090,26,29.258914947509766,62.23091506958008,46.34043757120768,49.96378962198893,61.80901908874512,57.0123405456543
speaker00043_M_s1_stn00090,27,28.947247823079426,61.73758061726888,46.15032196044922,49.611138661702476,61.53959274291992,57.20178413391113
speaker00043_M_s1_stn00090,28,28.95444615681966,61.749429066975914,46.15617116292318,49.61468251546224,61.5507869720459,57.195838928222656
speaker00043_M_s1_stn00090,29,28.95939763387044,61.756964365641274,46.16080856323242,49.61968104044596,61.55632972717285,57.195289611816406
speaker00043_M_s1_stn00090,30,28.95810317993164,61.75278854370117,46.15977223714193,49.613765716552734,61.5554084777832,57.18569564819336
speaker00043_M_s1_stn00090,31,28.75629425048828,61.62655766805013,45.962886810302734,49.452379862467446,61.46933364868164,57.502092361450195
speaker00043_M_s1_stn00090,32,28.741689046223957,61.61936060587565,45.96002960205078,49.459662119547524,61.46970176696777,57.51303291320801
speaker00043_M_s1_stn00090,33,29.43582026163737,62.355340321858726,46.43334070841471,49.7250862121582,61.834089279174805,57.050933837890625
speaker00043_M_s1_stn00090,34,29.434865315755207,62.356980641682945,46.43461481730143,49.73766326904297,61.8366584777832,57.0595760345459
speaker00043_M_s1_stn00090,35,29.43227767944336,62.355515797932945,46.43269348144531,49.74252700805664,61.83409881591797,57.06551170349121
speaker00043_M_s1_stn00090,36,29.43227767944336,62.355515797932945,46.43269348144531,49.74252700805664,61.83409881591797,57.06551170349121
speaker00043_M_s1_stn00090,37,29.433481216430664,62.35833613077799,46.431809743245445,49.74017588297526,61.83291244506836,57.0595588684082
speaker00043_M_s1_stn00090,38,29.43301836649577,62.35865275065104,46.431626637776695,49.74084218343099,61.83269500732422,57.05990028381348
speaker00043_M_s1_stn00090,39,28.677812576293945,61.58551534016927,46.05365498860677,50.71622848510742,60.81190872192383,59.10704040527344
speaker00043_M_s1_stn00090,40,28.677754084269207,61.58744684855143,46.054274241129555,50.71933619181315,60.813514709472656,59.10882568359375
speaker00043_M_s1_stn00090,41,26.307689666748047,58.001956939697266,44.05916976928711,51.66287740071615,58.04577827453613,59.279571533203125
speaker00043_M_s1_stn00090,42,26.304609298706055,58.00250498453776,44.06131235758463,51.688533782958984,58.05319595336914,59.296918869018555
speaker00043_M_s1_stn00090,43,25.796642303466797,56.690406799316406,43.821091969807945,52.89012018839518,56.98114204406738,62.210540771484375
speaker00043_M_s1_stn00090,44,25.790242513020832,56.687581380208336,43.817604064941406,52.896339416503906,56.97578239440918,62.22393035888672
speaker00043_M_s1_stn00090,45,25.794932047526043,56.67811711629232,43.81847127278646,52.892111460367836,56.973941802978516,62.21131134033203
speaker00043_M_s1_stn00090,46,25.795955657958984,56.67718633015951,43.82147725423177,52.89171473185221,56.97768592834473,62.212711334228516
speaker00043_M_s1_stn00090,47,25.29271125793457,55.66803105672201,43.590508778889976,54.05583190917969,55.585195541381836,65.37828636169434
speaker00043_M_s1_stn00090,48,25.292636235555012,55.685010274251304,43.59143575032552,54.05664825439453,55.591590881347656,65.38058471679688
speaker00043_M_s1_stn00090,49,24.415387471516926,52.15516662597656,42.87432988484701,50.111559549967446,55.12795639038086,60.51875877380371
speaker00043_M_s1_stn00090,50,24.42701466878255,52.15699005126953,42.8836784362793,50.12487665812174,55.13210487365723,60.52779960632324
speaker00043_M_s1_stn00090,51,24.434785842895508,52.14544677734375,42.88279469807943,50.11502202351888,55.12844467163086,60.49658203125
speaker00043_M_s1_stn00090,52,24.429298400878906,52.16444524129232,42.881646474202476,50.12454350789388,55.141122817993164,60.491281509399414
speaker00043_M_s1_stn00090,53,25.70429039001465,55.892531077067055,44.89932632446289,54.307315826416016,57.777286529541016,65.94488716125488
speaker00043_M_s1_stn00090,54,25.70564842224121,55.897013346354164,44.90289179484049,54.31077575683594,57.781368255615234,65.95251274108887
speaker00043_M_s1_stn00090,55,25.70855776468913,55.893811543782554,44.90800857543945,54.3223622639974,57.78387641906738,65.96954727172852
speaker00043_M_s1_stn00090,56,25.71738052368164,55.913045247395836,44.91720072428385,54.31781768798828,57.80203437805176,65.96137237548828
speaker00043_M_s1_stn00090,57,25.717192967732746,55.9194450378418,44.915645599365234,54.318651835123696,57.80165481567383,65.95945358276367
speaker00043_M_s1_stn00090,58,25.712108612060547,55.92051442464193,44.904605865478516,54.31079991658529,57.793025970458984,65.93391036987305
speaker00043_M_s1_stn00090,59,26.841946283976238,57.958997090657554,44.329909006754555,51.29278310139974,59.496755599975586,55.66575813293457
speaker00043_M_s1_stn00090,60,26.835742950439453,57.977831522623696,44.324668884277344,51.29650370279948,59.49593925476074,55.685312271118164
speaker00043_M_s1_stn00090,61,28.681369145711262,60.298563639322914,45.620652516682945,52.60865783691406,60.76876640319824,56.16616630554199
speaker00043_M_s1_stn00090,62,28.705968221028645,60.32373046875,45.64801788330078,52.603759765625,60.804107666015625,56.176374435424805
speaker00043_M_s1_stn00090,63,29.556978225708008,61.10185623168945,45.57429631551107,52.70185216267904,60.58339881896973,53.66136932373047
speaker00043_M_s1_stn00090,64,29.55130894978841,61.09361267089844,45.577412923177086,52.710028330485024,60.59044647216797,53.689531326293945
speaker00043_M_s1_stn00090,65,29.886231740315754,62.605794270833336,45.86826197306315,53.57605489095052,60.90616416931152,55.387062072753906
speaker00043_M_s1_stn00090,66,29.89181137084961,62.616004943847656,45.87168884277344,53.57724380493164,60.9101619720459,55.379709243774414
speaker00043_M_s1_stn00090,67,29.89813804626465,62.62093861897787,45.877811431884766,53.57911046346029,60.91661071777344,55.377315521240234
speaker00043_M_s1_stn00090,68,29.888565063476562,62.62793858846029,45.865474700927734,53.58711496988932,60.902090072631836,55.38681221008301
speaker00043_M_s1_stn00090,69,29.89569091796875,62.652077992757164,45.8659782409668,53.59296544392904,60.90142059326172,55.390174865722656
speaker00043_M_s1_stn00090,70,29.89633560180664,62.65640131632487,45.86551030476888,53.59148406982422,60.90135955810547,55.38319969177246
speaker00043_M_s1_stn00090,71,29.39682896931966,61.75994873046875,45.70425923665365,53.70392354329427,60.76217460632324,55.27469825744629
speaker00043_M_s1_stn00090,72,29.400736490885418,61.78590520222982,45.70628992716471,53.70760981241862,60.764522552490234,55.27844047546387
speaker00043_M_s1_stn00090,73,29.3206729888916,62.056435902913414,45.4037717183431,53.8064931233724,60.48684883117676,54.749168395996094
speaker00043_M_s1_stn00090,74,29.32363446553548,62.060272216796875,45.405853271484375,53.81405258178711,60.4871711730957,54.74984169006348
speaker00043_M_s1_stn00090,75,29.311617533365887,62.047934214274086,45.39226786295573,53.81869761149088,60.46408462524414,54.75215148925781
speaker00043_M_s1_stn00090,76,29.309837977091473,62.04612477620443,45.39655431111654,53.824265797932945,60.47373008728027,54.76946449279785
speaker00043_M_s1_stn00090,77,29.31629689534505,62.052590688069664,45.39817428588867,53.82285181681315,60.47732734680176,54.75726890563965
speaker00043_M_s1_stn00090,78,29.31788508097331,62.05226389567057,45.3991330464681,53.821529388427734,60.478904724121094,54.748321533203125
speaker00043_M_s1_stn00090,79,28.443513870239258,62.02330017089844,44.46772893269857,56.30979029337565,58.726139068603516,57.70532035827637
speaker00043_M_s1_stn00090,80,28.444801966349285,62.025333404541016,44.46921157836914,56.312137603759766,58.72831153869629,57.70635414123535
speaker00043_M_s1_stn00090,81,27.571468989054363,61.121541341145836,44.05113983154297,58.012447357177734,57.97292900085449,59.76448059082031
speaker00043_M_s1_stn00090,82,27.56545066833496,61.1367301940918,44.0409304300944,58.01226552327474,57.96700668334961,59.756134033203125
speaker00043_M_s1_stn00090,83,30.43643315633138,63.91986974080404,47.05379740397135,50.664999643961586,62.823076248168945,55.66874122619629
speaker00043_M_s1_stn00090,84,30.43677584330241,63.921095530192055,47.05426788330078,50.66332880655924,62.82444953918457,55.66812324523926
speaker00043_M_s1_stn00090,85,30.435149510701496,63.932212829589844,47.050909678141274,50.66364415486654,62.82535362243652,55.666648864746094
speaker00043_M_s1_stn00090,86,30.42640495300293,63.92706044514974,47.05557632446289,50.67505391438802,62.83979797363281,55.680599212646484
speaker00043_M_s1_stn00090,87,32.62198829650879,65.75827280680339,48.57895278930664,46.91366068522135,65.36054992675781,52.39615821838379
speaker00043_M_s1_stn00090,88,32.622030893961586,65.76241938273112,48.57751337687174,46.916150410970054,65.35761451721191,52.39908409118652
speaker00043_M_s1_stn00090,89,33.79625447591146,66.27321116129558,49.82460912068685,44.56417338053385,66.49492645263672,51.06038856506348
speaker00043_M_s1_stn00090,90,33.79764366149902,66.26950200398763,49.82521947224935,44.56433868408203,66.49368286132812,51.06352424621582
speaker00043_M_s1_stn00090,91,34.643689473470054,67.00842539469402,50.232802073160805,44.72021230061849,66.91969680786133,50.05312156677246
speaker00043_M_s1_stn00090,92,34.647948582967125,67.01654561360677,50.24080276489258,44.728781382242836,66.92839813232422,50.065534591674805
speaker00043_M_s1_stn00090,93,34.64553260803223,67.01538340250652,50.22847366333008,44.74317296346029,66.9110107421875,50.04447555541992
speaker00043_M_s1_stn00090,94,34.648701985677086,67.01860809326172,50.23254903157552,44.744606018066406,66.91696548461914,50.05101776123047
speaker00043_M_s1_stn00090,95,34.48755391438802,68.88844680786133,49.63821156819662,45.23220570882162,66.30746459960938,51.37814903259277
speaker00043_M_s1_stn00090,96,34.48771667480469,68.89796829223633,49.63639831542969,45.224430084228516,66.30972671508789,51.3619384765625
speaker00043_M_s1_stn00090,97,34.4858201344808,68.90106455485027,49.63438034057617,45.217430114746094,66.31473922729492,51.32642364501953
speaker00043_M_s1_stn00090,98,34.47753779093424,68.88654073079427,49.624228159586586,45.220821380615234,66.29936599731445,51.32864952087402
speaker00043_M_s1_stn00090,99,32.379189809163414,67.48788197835286,48.204139709472656,48.86528778076172,63.89843559265137,56.251474380493164
speaker00043_M_s1_stn00090,100,32.377768198649086,67.4910519917806,48.200087229410805,48.86577606201172,63.89533996582031,56.2470588684082
speaker00043_M_s1_stn00090,101,32.36875534057617,67.47303009033203,48.18797810872396,48.8639030456543,63.87984848022461,56.249202728271484
speaker00043_M_s1_stn00090,102,32.36875534057617,67.47303009033203,48.18797810872396,48.8639030456543,63.87984848022461,56.249202728271484
speaker00043_M_s1_stn00090,103,32.37638409932455,67.49339930216472,48.191541035970054,48.87644958496094,63.88226127624512,56.24355125427246
speaker00043_M_s1_stn00090,104,32.37711970011393,67.50042215983073,48.190914154052734,48.87339782714844,63.88216781616211,56.23690414428711
speaker00043_M_s1_stn00090,105,28.973291397094727,60.69617462158203,46.60283406575521,49.673508961995445,60.73177719116211,60.42954444885254
speaker00043_M_s1_stn00090,106,28.973291397094727,60.69617462158203,46.60283406575521,49.673508961995445,60.73177719116211,60.42954444885254
speaker00043_M_s1_stn00090,107,24.287439346313477,52.23262278238932,44.966498057047524,51.44088999430338,56.040706634521484,69.7725715637207
speaker00043_M_s1_stn00090,108,24.28875160217285,52.23460133870443,44.967041015625,51.43885294596354,56.042728424072266,69.76993942260742
speaker00043_M_s1_stn00090,109,24.28813298543294,52.24142837524414,44.96661376953125,51.467098236083984,56.0410213470459,69.78345108032227
speaker00043_M_s1_stn00090,110,24.288984298706055,52.24085362752279,44.96809005737305,51.46047592163086,56.04193115234375,69.78490447998047
speaker00043_M_s1_stn00090,111,24.287333806355793,52.239376068115234,44.965521494547524,51.455430348714195,56.04127502441406,69.7795181274414
speaker00043_M_s1_stn00090,112,24.287585576375324,52.24954477945963,44.966400146484375,51.464342753092446,56.047067642211914,69.77505493164062
speaker00043_M_s1_stn00090,113,25.164945602416992,53.0976448059082,44.38819249471029,55.06716664632162,55.52060127258301,68.48328018188477
speaker00043_M_s1_stn00090,114,25.158917744954426,53.090049743652344,44.38534927368164,55.05778503417969,55.51744079589844,68.48521423339844
speaker00043_M_s1_stn00090,115,25.116607030232746,53.06712341308594,44.35014979044596,54.98381423950195,55.50244331359863,68.42535781860352
speaker00043_M_s1_stn00090,116,25.115315755208332,53.05115000406901,44.351244608561196,54.97689437866211,55.502193450927734,68.42014694213867
speaker00043_M_s1_stn00090,117,25.152190526326496,53.05718485514323,44.37918345133463,55.03026326497396,55.51127052307129,68.45247650146484
speaker00043_M_s1_stn00090,118,25.14824040730794,53.037353515625,44.38021723429362,55.02569325764974,55.50942420959473,68.4643440246582
speaker00043_M_s1_stn00090,119,28.913171768188477,60.693007151285805,46.07858149210612,48.121089935302734,62.001468658447266,55.30171203613281
speaker00043_M_s1_stn00090,120,28.907500584920246,60.67661921183268,46.073141733805336,48.10403315226237,61.99875831604004,55.28093147277832
speaker00043_M_s1_stn00090,121,28.917373657226562,60.688950856526695,46.08037185668945,48.11064910888672,62.001976013183594,55.28750419616699
speaker00043_M_s1_stn00090,122,28.895256678263348,60.66616694132487,46.064921061197914,48.086046854654946,61.992618560791016,55.26322555541992
speaker00043_M_s1_stn00090,123,28.88948631286621,60.66729227701823,46.06087748209635,48.08896001180013,61.98763465881348,55.27260780334473
speaker00043_M_s1_stn00090,124,28.88948631286621,60.66729227701823,46.06087748209635,48.08896001180013,61.98763465881348,55.27260780334473
speaker00043_M_s1_stn00090,125,31.424801508585613,66.3460464477539,47.26977793375651,49.285237630208336,64.10614204406738,53.75077438354492
speaker00043_M_s1_stn00090,126,31.43307622273763,66.36444854736328,47.27289708455404,49.29204177856445,64.10991287231445,53.74802207946777
speaker00043_M_s1_stn00090,127,31.338111241658527,66.56692759195964,47.15597915649414,49.611687978108726,63.960235595703125,53.794898986816406
speaker00043_M_s1_stn00090,128,31.331858317057293,66.57255554199219,47.15217971801758,49.61478042602539,63.963279724121094,53.792253494262695
speaker00043_M_s1_stn00090,129,31.334564844767254,66.58975728352864,47.151625315348305,49.60591125488281,63.96575355529785,53.770524978637695
speaker00043_M_s1_stn00090,130,31.332096735636394,66.58351643880208,47.14937082926432,49.60370890299479,63.96371269226074,53.76955795288086
speaker00043_M_s1_stn00090,131,31.562416712443035,65.63489023844402,47.731955210367836,49.1116574605306,64.41968536376953,54.49899864196777
speaker00043_M_s1_stn00090,132,31.562422434488933,65.6356315612793,47.73231506347656,49.11450958251953,64.42045593261719,54.5037841796875
speaker00043_M_s1_stn00090,133,31.56188138326009,65.6344477335612,47.731858571370445,49.11485163370768,64.41967010498047,54.50268363952637
speaker00043_M_s1_stn00090,134,31.563270568847656,65.63285446166992,47.73350270589193,49.11305363972982,64.42025184631348,54.50564384460449
speaker00043_M_s1_stn00090,135,29.19114875793457,58.60261917114258,47.88832473754883,49.59859085083008,62.392316818237305,61.14149284362793
speaker00043_M_s1_stn00090,136,29.18865203857422,58.6177126566569,47.88503392537435,49.60659408569336,62.39203071594238,61.149627685546875
speaker00043_M_s1_stn00090,137,29.189576466878254,58.608585357666016,47.888736724853516,49.60120646158854,62.392534255981445,61.15026664733887
speaker00043_M_s1_stn00090,138,29.184621810913086,58.61382166544596,47.88113021850586,49.613990783691406,62.38240432739258,61.15657997131348
speaker00043_M_s1_stn00090,139,26.36437479654948,56.256787618001304,45.69067128499349,53.015672047932945,58.94394302368164,65.02010345458984
speaker00043_M_s1_stn00090,140,26.361689885457356,56.243038177490234,45.69288126627604,53.010711669921875,58.94903373718262,65.01878547668457
speaker00043_M_s1_stn00090,141,25.863853454589844,57.006893157958984,44.92045974731445,55.706564585367836,57.26371383666992,68.12056732177734
speaker00043_M_s1_stn00090,142,25.872318267822266,57.01250966389974,44.9208017985026,55.70426686604818,57.26347541809082,68.10026168823242
speaker00043_M_s1_stn00090,143,25.87282880147298,57.011557261149086,44.8819694519043,55.64968617757162,57.215341567993164,68.00276565551758
speaker00043_M_s1_stn00090,144,25.85975456237793,57.01780446370443,44.8760732014974,55.62999979654948,57.21378517150879,68.0235824584961
speaker00043_M_s1_stn00090,145,26.659678141276043,57.87701670328776,45.42313766479492,57.11642583211263,57.53685188293457,70.09219360351562
speaker00043_M_s1_stn00090,146,26.659819920857746,57.87776565551758,45.42389043172201,57.11854934692383,57.536678314208984,70.09668731689453
speaker00043_M_s1_stn00090,147,26.660924275716145,57.881875356038414,45.423439025878906,57.121384938557945,57.534685134887695,70.0978012084961
speaker00043_M_s1_stn00090,148,26.649661382039387,57.87131881713867,45.41893005371094,57.107251485188804,57.530771255493164,70.11100769042969
speaker00043_M_s1_stn00090,149,26.641434987386067,57.86055374145508,45.4154904683431,57.09809366861979,57.525123596191406,70.1205940246582
speaker00043_M_s1_stn00090,150,26.658451716105144,57.866868336995445,45.428714752197266,57.116563161214195,57.53601264953613,70.11883544921875
speaker00043_M_s1_stn00090,151,28.4281431833903,56.20129267374674,45.431280771891274,44.296791076660156,61.351802825927734,49.240379333496094
speaker00043_M_s1_stn00090,152,28.427391688028973,56.18610763549805,45.43782297770182,44.301263173421226,61.35829162597656,49.264434814453125
speaker00043_M_s1_stn00090,153,28.42760976155599,56.18053181966146,45.439778645833336,44.297979990641274,61.36033630371094,49.262298583984375
speaker00043_M_s1_stn00090,154,28.43497085571289,56.197760264078774,45.455318450927734,44.30676015218099,61.384254455566406,49.28484344482422
speaker00043_M_s1_stn00090,155,30.25309689839681,60.13592783610026,46.311012268066406,45.184399922688804,62.690011978149414,49.268367767333984
speaker00043_M_s1_stn00090,156,30.249744415283203,60.13585917154948,46.30568313598633,45.18708292643229,62.683414459228516,49.266836166381836
speaker00043_M_s1_stn00090,157,30.25248082478841,60.13692092895508,46.306714375813804,45.18609619140625,62.682586669921875,49.26547431945801
speaker00043_M_s1_stn00090,158,30.251070658365887,60.13668314615885,46.30635070800781,45.18594487508138,62.682682037353516,49.26586723327637
speaker00043_M_s1_stn00090,159,30.255875905354817,60.13825225830078,46.312442779541016,45.186771392822266,62.690731048583984,49.267723083496094
speaker00043_M_s1_stn00090,160,30.255875905354817,60.13825225830078,46.312442779541016,45.186771392822266,62.690731048583984,49.267723083496094
speaker00043_M_s1_stn00090,161,30.255875905354817,60.13825225830078,46.312442779541016,45.186771392822266,62.690731048583984,49.267723083496094
speaker00043_M_s1_stn00090,162,30.255875905354817,60.13825225830078,46.312442779541016,45.186771392822266,62.690731048583984,49.267723083496094
speaker00043_M_s1_stn00090,163,26.781863530476887,57.912054697672524,44.33800379435221,50.79259236653646,59.08257865905762,56.798959732055664
speaker00043_M_s1_stn00090,164,26.781245549519856,57.908470153808594,44.337816874186196,50.79117329915365,59.080400466918945,56.801321029663086
speaker00043_M_s1_stn00090,165,26.782889048258465,57.91075007120768,44.33993021647135,50.79264450073242,59.08329391479492,56.80297088623047
speaker00043_M_s1_stn00090,166,26.78116798400879,57.90803146362305,44.338077545166016,50.791876475016274,59.08052635192871,56.801883697509766
speaker00043_M_s1_stn00090,167,32.78512064615885,64.2521489461263,49.511698404947914,47.1458625793457,65.38035202026367,56.0323543548584
speaker00043_M_s1_stn00090,168,32.79075495402018,64.21826934814453,49.539737701416016,47.13800811767578,65.40045928955078,56.08313751220703
speaker00043_M_s1_stn00090,169,32.790714263916016,64.1962407430013,49.54484430948893,47.12963994344076,65.39516258239746,56.10212516784668
speaker00043_M_s1_stn00090,170,32.79215749104818,64.19299443562825,49.54933547973633,47.13038762410482,65.40022850036621,56.10637283325195
speaker00043_M_s1_stn00090,171,35.92229334513346,69.97841262817383,51.023607889811196,44.98402531941732,68.28545761108398,50.508134841918945
speaker00043_M_s1_stn00090,172,35.92189025878906,69.96983210245769,51.02102788289388,44.99034118652344,68.27776336669922,50.52048301696777
speaker00043_M_s1_stn00090,173,35.918006896972656,69.96956253051758,51.0149040222168,44.99050649007162,68.27210235595703,50.51203918457031
speaker00043_M_s1_stn00090,174,35.916708628336586,69.96623229980469,51.01304626464844,44.99283091227213,68.26661682128906,50.52341842651367
speaker00043_M_s1_stn00090,175,35.86098607381185,69.80428695678711,50.989234924316406,45.61237716674805,67.79454040527344,52.08180046081543
speaker00043_M_s1_stn00090,176,35.86640421549479,69.84185028076172,50.98363749186198,45.61241149902344,67.79167556762695,52.06751823425293
speaker00043_M_s1_stn00090,177,34.61288706461588,66.94667053222656,50.37006378173828,46.70366668701172,66.38732147216797,54.82198905944824
speaker00043_M_s1_stn00090,178,34.6112174987793,66.92181650797527,50.37425994873047,46.71021270751953,66.38753128051758,54.84205436706543
speaker00043_M_s1_stn00090,179,32.694335301717125,66.47090911865234,48.66138203938802,48.99465815226237,64.57856178283691,56.36296272277832
speaker00043_M_s1_stn00090,180,32.69339243570963,66.47340901692708,48.66453425089518,48.984667460123696,64.57974052429199,56.356855392456055
speaker00043_M_s1_stn00090,181,31.622193654378254,65.86404291788737,47.168521881103516,50.48027801513672,63.32347297668457,52.419986724853516
speaker00043_M_s1_stn00090,182,31.61258316040039,65.83994166056316,47.16230773925781,50.473584493001304,63.31523895263672,52.41856575012207
speaker00043_M_s1_stn00090,183,29.92276954650879,61.34076817830404,46.50989532470703,48.28028106689453,62.67272186279297,52.124916076660156
speaker00043_M_s1_stn00090,184,29.943065007527668,61.35694249471029,46.543103535970054,48.28482564290365,62.70196342468262,52.18052291870117
speaker00043_M_s1_stn00090,185,29.961375554402668,61.36378606160482,46.56647491455078,48.29348373413086,62.7187614440918,52.22439002990723
speaker00043_M_s1_stn00090,186,29.95960299173991,61.363600413004555,46.56549072265625,48.29390970865885,62.717817306518555,52.227928161621094
speaker00043_M_s1_stn00090,187,29.92620277404785,61.3443349202474,46.51739756266276,48.27671686808268,62.681800842285156,52.13515853881836
speaker00043_M_s1_stn00090,188,29.92921257019043,61.347906748453774,46.51806894938151,48.27689107259115,62.68153381347656,52.138349533081055
speaker00043_M_s1_stn00090,189,29.927954355875652,61.34513727823893,46.51793543497721,48.2770627339681,62.68167495727539,52.13518714904785
speaker00043_M_s1_stn00090,190,29.92813491821289,61.34325917561849,46.51849238077799,48.275288899739586,62.68156051635742,52.13743782043457
speaker00043_M_s1_stn00090,191,27.09640057881673,57.830491383870445,44.819952646891274,44.51179504394531,60.169668197631836,54.44261169433594
speaker00043_M_s1_stn00090,192,27.0913569132487,57.83365249633789,44.81298065185547,44.50308609008789,60.16251182556152,54.442630767822266
speaker00043_M_s1_stn00090,193,26.726396560668945,56.975807189941406,44.561588287353516,44.34635925292969,59.85373878479004,54.49039840698242
speaker00043_M_s1_stn00090,194,26.713646570841473,56.952807108561196,44.55884806315104,44.347208658854164,59.84172821044922,54.534637451171875
speaker00043_M_s1_stn00090,195,26.190873463948567,55.8366813659668,44.42170206705729,43.92901611328125,59.49139595031738,54.602216720581055
speaker00043_M_s1_stn00090,196,26.18278694152832,55.82427851359049,44.421774546305336,43.926475524902344,59.48895263671875,54.622976303100586
speaker00043_M_s1_stn00090,197,25.666288375854492,55.43935902913412,43.87252553304037,44.20289866129557,58.83505058288574,54.82544708251953
speaker00043_M_s1_stn00090,198,25.66431172688802,55.456442515055336,43.86976877848307,44.19511286417643,58.84157752990723,54.81614112854004
speaker00043_M_s1_stn00090,199,25.67458152770996,55.488494873046875,43.87099075317383,44.187339782714844,58.858476638793945,54.76711654663086
speaker00043_M_s1_stn00090,200,25.673139572143555,55.43928019205729,43.87558364868164,44.186197916666664,58.85462188720703,54.76255226135254
speaker00043_M_s1_stn00090,201,24.6615473429362,54.602577209472656,43.301682790120445,44.215956370035805,58.73671340942383,54.10433006286621
speaker00043_M_s1_stn00090,202,24.654652913411457,54.591739654541016,43.29725138346354,44.21330642700195,58.733154296875,54.09848213195801
speaker00043_M_s1_stn00090,203,24.646916071573894,54.568773905436196,43.299171447753906,44.21578852335612,58.73408889770508,54.104780197143555
speaker00043_M_s1_stn00090,204,24.66908327738444,54.60591506958008,43.32285944620768,44.22189966837565,58.768672943115234,54.109819412231445
speaker00043_M_s1_stn00090,205,25.65260378519694,54.88741938273112,43.63656743367513,44.75989786783854,59.61810302734375,51.09015083312988
speaker00043_M_s1_stn00090,206,25.667409896850586,54.908067067464195,43.66372299194336,44.77389907836914,59.64552116394043,51.14886474609375
speaker00043_M_s1_stn00090,207,25.186573028564453,53.940102895100914,43.128990173339844,45.907580057779946,58.23687934875488,53.02044105529785
speaker00043_M_s1_stn00090,208,25.192738215128582,53.9514528910319,43.13929748535156,45.91126378377279,58.24955940246582,53.04245567321777
speaker00043_M_s1_stn00090,209,25.192010243733723,53.95312754313151,43.13948059082031,45.90995661417643,58.25152778625488,53.04059410095215
speaker00043_M_s1_stn00090,210,25.192010243733723,53.95312754313151,43.13948059082031,45.90995661417643,58.25152778625488,53.04059410095215
speaker00043_M_s1_stn00090,211,25.494930267333984,56.294166564941406,43.42613983154297,48.171156565348305,58.48379135131836,55.898704528808594
speaker00043_M_s1_stn00090,212,25.498797098795574,56.30243047078451,43.43014653523763,48.171974182128906,58.48988723754883,55.900014877319336
speaker00043_M_s1_stn00090,213,25.850313822428387,54.712347666422524,44.436720530192055,51.19317118326823,57.43776893615723,61.958452224731445
speaker00043_M_s1_stn00090,214,25.849161783854168,54.710184733072914,44.435821533203125,51.1951052347819,57.436832427978516,61.9554328918457
speaker00043_M_s1_stn00090,215,25.84641710917155,54.70130411783854,44.4266357421875,51.18730163574219,57.416778564453125,61.95786094665527
speaker00043_M_s1_stn00090,216,25.844715118408203,54.7180290222168,44.42544809977213,51.178348541259766,57.42322540283203,61.95528793334961
speaker00043_M_s1_stn00090,217,26.483346303304035,56.51058705647787,45.21784337361654,50.91145451863607,58.96885108947754,62.17431831359863
speaker00043_M_s1_stn00090,218,26.490756352742512,56.52538299560547,45.22176742553711,50.91066106160482,58.97689247131348,62.164838790893555
speaker00043_M_s1_stn00090,219,26.494003931681316,56.49254353841146,45.20671590169271,50.88311258951823,58.964059829711914,62.08485984802246
speaker00043_M_s1_stn00090,220,26.486797332763672,56.49432118733724,45.20017878214518,50.88581212361654,58.960012435913086,62.09511947631836
speaker00043_M_s1_stn00090,221,26.530750910441082,57.76777013142904,44.54889424641927,50.607714335123696,58.91323661804199,59.38845252990723
speaker00043_M_s1_stn00090,222,26.527808507283527,57.77114995320638,44.546305338541664,50.60238774617513,58.91534423828125,59.372549057006836
speaker00043_M_s1_stn00090,223,26.525025685628254,57.75421396891276,44.54824701944987,50.60914866129557,58.911489486694336,59.39496040344238
speaker00043_M_s1_stn00090,224,26.527490615844727,57.75125376383463,44.56394068400065,50.600486755371094,58.93968391418457,59.3796329498291
speaker00043_M_s1_stn00090,225,26.609163920084637,58.38857396443685,44.332557678222656,51.011068979899086,59.1322021484375,57.21082878112793
speaker00043_M_s1_stn00090,226,26.607611974080402,58.4053103129069,44.32451375325521,51.0076535542806,59.12588691711426,57.20059394836426
speaker00043_M_s1_stn00090,227,26.25901476542155,57.978094736735024,43.88699595133463,51.08554712931315,58.642141342163086,56.6999397277832
speaker00043_M_s1_stn00090,228,26.269235610961914,57.992713928222656,43.89286422729492,51.07366943359375,58.65707206726074,56.67131805419922
speaker00043_M_s1_stn00090,229,26.355060577392578,58.347572326660156,43.858994801839195,51.127567291259766,58.79433250427246,55.95524215698242
speaker00043_M_s1_stn00090,230,26.35830815633138,58.3562126159668,43.86280314127604,51.12304178873698,58.80313301086426,55.945974349975586
speaker00043_M_s1_stn00090,231,26.35864003499349,58.3530527750651,43.86192830403646,51.130126953125,58.79794502258301,55.952392578125
speaker00043_M_s1_stn00090,232,26.35591697692871,58.35441462198893,43.868021647135414,51.14197285970052,58.80720138549805,55.9838924407959
speaker00043_M_s1_stn00090,233,26.713563919067383,58.69792048136393,44.05003102620443,51.11587651570638,59.010114669799805,55.81500816345215
speaker00043_M_s1_stn00090,234,26.712107340494793,58.70647684733073,44.045692443847656,51.12148412068685,59.00332260131836,55.824947357177734
speaker00043_M_s1_stn00090,235,26.699413299560547,58.699598948160805,44.03770192464193,51.12634404500326,58.991546630859375,55.84717559814453
speaker00043_M_s1_stn00090,236,26.701491673787434,58.7119992574056,44.04239273071289,51.12381235758463,59.0015926361084,55.84721755981445
speaker00043_M_s1_stn00090,237,26.70045344034831,58.70189921061198,44.04704920450846,51.111470540364586,59.013362884521484,55.833269119262695
speaker00043_M_s1_stn00090,238,26.697099685668945,58.697191874186196,44.04749552408854,51.115824381510414,59.01788902282715,55.842994689941406
speaker00043_M_s1_stn00090,239,26.947999954223633,59.739996592203774,43.907613118489586,49.85750834147135,59.194801330566406,54.759490966796875
speaker00043_M_s1_stn00090,240,26.94261868794759,59.732346852620445,43.90504582722982,49.85910161336263,59.192996978759766,54.76039123535156
speaker00043_M_s1_stn00090,241,26.939339955647785,59.7308603922526,43.902174631754555,49.859902699788414,59.18998718261719,54.760122299194336
speaker00043_M_s1_stn00090,242,26.935197830200195,59.72381846110026,43.89715830485026,49.865301767985024,59.18418884277344,54.760250091552734
speaker00043_M_s1_stn00090,243,26.945236841837566,59.7328732808431,43.90499496459961,49.8615353902181,59.19026756286621,54.76982116699219
speaker00043_M_s1_stn00090,244,26.945236841837566,59.7328732808431,43.90499496459961,49.8615353902181,59.19026756286621,54.76982116699219
speaker00043_M_s1_stn00090,245,26.648754119873047,58.252933502197266,43.84471003214518,47.97842788696289,58.840980529785156,55.23862075805664
speaker00043_M_s1_stn00090,246,26.648754119873047,58.252933502197266,43.84471003214518,47.97842788696289,58.840980529785156,55.23862075805664
speaker00043_M_s1_stn00090,247,26.648940404256184,58.25192896525065,43.845394134521484,47.97894795735677,58.840951919555664,55.24658203125
speaker00043_M_s1_stn00090,248,26.651357014973957,58.25639088948568,43.846439361572266,47.98218790690104,58.84164047241211,55.244991302490234
